metric,value
avg_diff_signed,-0.07463636363636361
avg_diff_abs,0.0749090909090909
